id,Description
T100001,looking for a programmer
T100002,looking for a programmer
T100003,looking for a programmer
T100004,looking for a programmer
T100005,looking for a programmer
T100006,looking for a programmer
T100007,looking for a programmer
T100008,looking for a programmer
T100009,looking for a programmer
T100010,looking for a programmer
T100011,looking for a programmer
T100012,looking for a programmer
T100013,looking for a programmer
T100014,looking for a programmer
T100015,looking for a programmer
T100016,looking for a programmer
T100017,looking for a programmer
T100018,looking for a programmer
T100019,looking for a programmer
T100020,looking for a programmer
T100021,looking for a programmer
T100022,looking for a programmer
T100023,looking for a programmer
T100024,looking for a programmer
T100025,looking for a programmer
T100026,looking for a programmer
T100027,looking for a programmer
T100028,looking for a programmer
T100029,looking for a programmer
T100030,looking for a programmer
T100031,looking for a programmer
T100032,looking for a programmer
T100033,looking for a programmer
T100034,looking for a programmer
T100035,looking for a programmer
T100036,need help to setup a bank account
T100037,need help to setup a bank account
T100038,need help to setup a bank account
T100039,need help to setup a bank account
T100040,need help to setup a bank account
T100041,need help to setup a bank account
T100042,need help to setup a bank account
T100043,need help to setup a bank account
T100044,need help to setup a bank account
T100045,need help to setup a bank account
T100046,need help to setup a bank account
T100047,need help to setup a bank account
T100048,need help to setup a bank account
T100049,need help to setup a bank account
T100050,need help to setup a bank account
T100051,need help to setup a bank account
T100052,need help to setup a bank account
T100053,need help to setup a bank account
T100054,need help to setup a bank account
T100055,need help to setup a bank account
T100056,need help to setup a bank account
T100057,need help to setup a bank account
T100058,need help to setup a bank account
T100059,need help to setup a bank account
T100060,need help to setup a bank account
T100061,need help to setup a bank account
T100062,need help to setup a bank account
T100063,need help to setup a bank account
T100064,need help to setup a bank account
T100065,need help to setup a bank account
T100066,need help to setup a bank account
T100067,need help to setup a bank account
T100068,need help to setup a bank account
T100069,need help to setup a bank account
T100070,need help to setup a bank account
T100071,need help to setup a bank account
T100072,need help to setup a bank account
T100073,need help to setup a bank account
T100074,looking for a dog walker
T100075,looking for a dog walker
T100076,looking for a dog walker
T100077,looking for a dog walker
T100078,looking for a dog walker
T100079,looking for a dog walker
T100080,looking for a dog walker
T100081,looking for a dog walker
T100082,looking for a dog walker
T100083,looking for a dog walker
T100084,looking for a dog walker
T100085,looking for a dog walker
T100086,looking for a dog walker
T100087,looking for a dog walker
T100088,looking for a dog walker
T100089,looking for a dog walker
T100090,looking for a dog walker
T100091,looking for a dog walker
T100092,looking for a dog walker
T100093,looking for a dog walker
T100094,looking for a dog walker
T100095,looking for a dog walker
T100096,looking for a dog walker
T100097,looking for a dog walker
T100098,looking for a dog walker
T100099,looking for a dog walker
T100100,looking for a dog walker
