id,name
U100001,Devyn Macejkovic
U100002,Hattie Hoeger
U100003,Verner Thompson
U100004,Amina Prohaska
U100005,Noel Towne
U100006,Jaylon Kulas
U100007,Ubaldo Legros
U100008,Gwendolyn Hilll
U100009,Ava White
U100010,Ansel Beer
U100011,Pansy Maggio
U100012,Oma Kub
U100013,Koby Pfeffer
U100014,Llewellyn Lockman
U100015,Cielo Predovic
U100016,Carolanne Batz
U100017,Jacey McLaughlin
U100018,Nels Stokes
U100019,Justus Ferry
U100020,Katarina Predovic
U100021,Florencio Shanahan
U100022,Antonette Baumbach
U100023,Dejuan Lynch
U100024,Alverta Barton
U100025,Johann Stroman
U100026,Chase Marks
U100027,Derick Waters
U100028,Demond Purdy
U100029,Westley Murray
U100030,Augustus Cremin
U100031,Francesca Wuckert
U100032,Guy Daniel
U100033,Nellie Franecki
U100034,America Fisher
U100035,Jayde Kozey
U100036,Brionna Pfeffer
U100037,Shakira McDermott
U100038,Perry Lueilwitz
U100039,Gust Beier
U100040,August Kiehn
U100041,Jasper Kutch
U100042,Bruce Murphy
U100043,Josiah Walsh
U100044,Lura Spencer
U100045,Evelyn Runte
U100046,Rosario Kris
U100047,Dovie Swift
U100048,Flo Bins
U100049,Camilla Ratke
U100050,Sidney Kozey
U100051,Novella Reynolds
U100052,Penelope Stokes
U100053,Abbie Dare
U100054,Forrest Gulgowski
U100055,Andre Schulist
U100056,Hilda Kassulke
U100057,Mitchel Strosin
U100058,Madisen Kohler
U100059,Jamarcus Runolfsson
U100060,Rosanna Russel
U100061,Mike Haley
U100062,Jettie Beier
U100063,Joyce Volkman
U100064,Mae Greenfelder
U100065,Daphne Pagac
U100066,Ansley Jacobi
U100067,Gracie Ratke
U100068,Gideon Tromp
U100069,Marquis Wunsch
U100070,Dax Pacocha
U100071,Tobin Feil
U100072,Earlene Howe
U100073,Wilfredo Streich
U100074,Lorine Buckridge
U100075,Nola Friesen
U100076,Alexis Kilback
U100077,Kianna Macejkovic
U100078,Calista Kerluke
U100079,Wilburn Marvin
U100080,Jameson Gislason
U100081,Helene Bailey
U100082,Jayce Dietrich
U100083,Ryley Pacocha
U100084,Chester Volkman
U100085,Mckenna Hyatt
U100086,Watson Hodkiewicz
U100087,Molly Wuckert
U100088,Gwendolyn Smith
U100089,Jermaine Kreiger
U100090,Heloise Prosacco
U100091,Daron Gutmann
U100092,Cooper Towne
U100093,Dena Thiel
U100094,Mae Mayert
U100095,Claudine Upton
U100096,Cooper Harvey
U100097,Emely Gottlieb
U100098,Dexter Nikolaus
U100099,Ashtyn Ullrich
U100100,Cooper Turner
